UserID,USERNAME,PASSWORD
AbhiNav,AbhiNav,AbhiNav
Abhijeet,Abhijeet,Abhijeet
AbhiShiktha,AbhiShiktha,AbhiShiktha
Ajith,Ajith,Ajith
AdarsH,AdarsH,AdarsH
MiNiNair,MiNiNair,MiNiNair
NishaAshish,NishaAshish,NishaAshish
AishWarya,AishWarya,AishWarya
Aadhishankar,Aadhishankar,Aadhishankar
Aadesh,Aadesh,Aadesh
Abhisar,Abhisar,Abhisar
Aryan,Aryan,Aryan
Asha,Asha,Asha
Ashirvad,Ashirvad,Ashirvad